{"val_loss": [0.9993829941749572, 0.8986092710494995, 1.1271374225616455, 0.7653689867258072, 0.7725997260212898, 0.6000296719372272, 0.7691883486509323, 1.569362587928772, 0.480582692027092, 0.7196592015027999, 0.49763392984867094, 1.1295261454582215, 0.8736099356412887, 0.5402355685830116, 0.5695814932882786, 0.4826777389645576, 0.7800289028882981, 0.6608799770474434, 0.7569518038630485, 1.6085257053375244, 0.531986977905035, 0.6025476405024528, 1.5436013770103454, 0.4824528068304062, 0.6335188695788383, 0.5255563566088677, 0.5887834176421165, 0.5192983432114124, 0.816135104894638, 0.4854858519136906, 0.5181982785463333, 0.5421417784690857, 0.6798427337408066, 0.8198305660486221, 0.5664688464999199, 0.5752581040561199, 0.594355218410492, 0.7642404055595398, 0.7430395519733429, 0.5893151172995568, 0.6031641682982445, 0.4536500246822834, 0.6041771712899208, 0.8958023658394814, 0.5130998060107231, 0.5114952076971531, 0.4490169987082481, 0.5680356961488724, 0.6202334347367287, 0.5343751046061516, 0.6692930403351783, 0.5655123862624168, 0.5879111877083778, 0.6333787000179291, 0.5550658623874187, 0.5310726726055145, 0.4355585715174675, 0.6415557807683945, 0.5911371064186096, 0.8765015378594398, 0.6213125744462014, 0.6397756080329419, 0.45478364393115045, 0.5440940332412719, 0.4922204664349556, 0.48394539326429364, 0.7084018257260323, 0.45872761398553846, 0.46890985026955606, 0.5307201178371906, 0.7771431502699852, 0.6118058270215988, 0.4885532918572426, 0.6274562342464924, 0.509046600162983, 0.5353133346140385, 0.5442604705691337, 0.5583408944308758, 0.4923463876545429, 0.5634272834658622, 0.4604794657230377, 0.4754094382375479, 0.6122314593195916, 0.5355570480227471, 0.612399875074625, 0.4784423677623272, 0.5125374837219715, 0.6012113054096698, 0.5983346092700959, 0.5563368959724904, 0.5452093875408173, 0.6557845325767994, 0.5755946052074432, 0.5762192097306251, 0.4499407650530338, 0.5263728241622448, 0.7436738607287406, 0.5624188357591628, 0.5223941606283188], "val_iou_score": [0.21011593468487264, 0.33501810481771827, 0.26462686363607646, 0.39854000553488733, 0.3749868042394519, 0.5700588026829064, 0.3863146847486496, 0.15851475613657384, 0.5978579959273338, 0.4401465783268213, 0.6005749362707138, 0.21770616477355362, 0.3267306824401021, 0.5917910248786211, 0.6461097811535, 0.6342754191160203, 0.443663899069652, 0.5583816831000149, 0.44236092880368233, 0.11013284498825669, 0.6404881463944911, 0.5776410580053926, 0.15658962435554713, 0.604614223241806, 0.5050204110145569, 0.5593974876403809, 0.5912539819767698, 0.6207145449519157, 0.4452076417952776, 0.6222103173285722, 0.6068834544718266, 0.5696113382652402, 0.5245122133940459, 0.47012546971440317, 0.5844746721163392, 0.577963336724788, 0.5116886703670025, 0.42241759605705737, 0.38383381322026255, 0.6235689115524292, 0.5411459335312248, 0.6692411385476589, 0.5619738046824932, 0.3846072254469618, 0.6211405824124813, 0.6108707654476165, 0.6460438720881939, 0.5762720280885696, 0.5383913185447454, 0.6104678805172443, 0.5409896441549062, 0.5558989087864756, 0.5926997363939881, 0.5269859976321459, 0.5989922255277633, 0.5968089454621076, 0.6762908071279525, 0.46528699025511744, 0.5448581406474113, 0.40196354549378155, 0.5662757200375199, 0.5503893453255295, 0.6327704028785228, 0.625070379767567, 0.6078082199394703, 0.6756480197608471, 0.4233989485539496, 0.6538737025856972, 0.6375937980785966, 0.5969882381893694, 0.4509354346245527, 0.5957502233982086, 0.5977582596242428, 0.5601198985800147, 0.5976665726304055, 0.6137516651302576, 0.6053722442314029, 0.6327326315268874, 0.5911855658143759, 0.5954433243721724, 0.6296019491553306, 0.6886683040857315, 0.5119778233766555, 0.5818953289091587, 0.5701851032674312, 0.6694673313200474, 0.6010056871175766, 0.5726379999984056, 0.5452951688319445, 0.5876158436387777, 0.5962233640067279, 0.588483431916684, 0.5674298567324877, 0.5546606079488993, 0.6694113971292972, 0.609315866753459, 0.41361533910036086, 0.6228335700929165, 0.6633667859062552], "loss": [1.1851067751286977, 0.9175641723425991, 0.7677855965602829, 0.7378220367862518, 0.6776962883501167, 0.6875595795102867, 0.6120644978371012, 0.5591592126222978, 0.5574323843760662, 0.5448422128536615, 0.5649157924106322, 0.5344212518399021, 0.5501146435019482, 0.522489670529423, 0.4699174761772156, 0.5925387727567949, 0.536142785147012, 0.5196545935538878, 0.5802053242742297, 0.5741400214203869, 0.502104791891144, 0.4919796728764672, 0.46535202860832214, 0.48828954617661163, 0.4617111729570182, 0.4588505693049316, 0.47602141145841187, 0.4243036868521966, 0.5111201465668449, 0.43972504372338217, 0.37758678763386716, 0.44623712028365536, 0.4157312733222203, 0.43856522638395606, 0.4038139576294336, 0.38299388653901684, 0.4491203389613025, 0.4094910337084747, 0.4290092486933053, 0.47035668341510267, 0.3620382966585906, 0.4199504095567278, 0.4146963272647685, 0.39218631494476136, 0.3871858295008361, 0.3893227144537202, 0.35179759220904616, 0.41833489711385174, 0.4031869790640222, 0.46627856342189283, 0.39717550494943754, 0.4084460426525897, 0.4067182605525097, 0.43860471446111976, 0.3498976749468999, 0.45527342814637956, 0.4599820055875434, 0.4236042871173606, 0.4236381443509136, 0.36979925632476807, 0.3415364288242467, 0.3859567951904722, 0.390543178890843, 0.4360210499670132, 0.38943642467619427, 0.4362900017435292, 0.36316619310752457, 0.36926616153803216, 0.3253133564469326, 0.34731139368321523, 0.3939568605049547, 0.4404588446739208, 0.4726928889033306, 0.37935908820973824, 0.35203243756150626, 0.3940733122717903, 0.3808069442769131, 0.3927933586290084, 0.42259315778333023, 0.41366560541721714, 0.37328453469707307, 0.37589344822139625, 0.41235164570880223, 0.3405654036316527, 0.31040709797876426, 0.3227789996259184, 0.36205006678061313, 0.36158346169325245, 0.34722736531711484, 0.31415639660624134, 0.39222945667893055, 0.4266231169542634, 0.39799592222075864, 0.40376556718564893, 0.33645058737461825, 0.38272309482815753, 0.4226743448750082, 0.362999367606209, 0.32908263748668765],