{"val_loss": [0.6084213455230973], "val_iou_score": [0.5053323727811692], "loss": [0.37023633350449875], "iou_score": [0.7271688819290644]}